{"placements":[{"x":1264.0,"y":3243.4886363636365},{"x":1264.0,"y":2485.818181818182},{"x":1264.0,"y":3223.284090909091}],"volumes":[10.0,10.0,10.0]}