{"placements":[{"x":1264.0,"y":3233.3863636363635},{"x":1264.0,"y":2485.818181818182},{"x":1264.0,"y":3243.4886363636365}],"volumes":[10.0,10.0,10.0]}