{"placements":[{"x":1738.3697478991596,"y":1172.0},{"x":1752.5210084033613,"y":1172.0}]}