{"placements":[{"x":1264.0,"y":3232.9901960784314},{"x":1264.0,"y":2483.4411764705883},{"x":1264.0,"y":3250.421568627451}],"volumes":[10.0,10.0,10.0]}