{"placements": [{"x": 1737.1904761904761, "y": 1172.0}, {"x": 1747.2142857142858, "y": 1172.0}], "volumes": [10.0, 10.0]}